id;lang;label
Q1000;fr;Gabon
Q1000;fr;la République gabonaise
Q1000;fr;République gabonaise
Q1005;fr;Gambie
Q1005;fr;la République de Gambie
Q1006;fr;Guinée
Q1006;fr;Guinée-Conakry
Q1006;fr;la République de Guinée
Q1006;fr;République de Guinée
Q1007;fr;Guinée Bissau
Q1007;fr;Guinée-Bissao
Q1007;fr;Guinée-bissao
Q1007;fr;Guinée-Bissau
Q1007;fr;la République de Guinée-Bissao
Q1007;fr;la République de Guinée-Bissau
Q1008;fr;Côte d Ivoire
Q1008;fr;Côte D ivoire
Q1008;fr;Côte-d Ivoire
Q1008;fr;la République de Côte d Ivoire
Q1009;fr;Cameroun
Q1009;fr;la République du Cameroun
Q1009;fr;République du Cameroun
Q1011;fr;Cabo Verde
Q1011;fr;Cap-V.
Q1011;fr;Cap-Vert
Q1011;fr;Cap-vert
Q1011;fr;îles du Cap-Vert
Q1011;fr;la République du Cap-Vert
Q1013;fr;le Royaume du Lesotho
Q1013;fr;Lesotho
Q1014;fr;la République du Libéria
Q1014;fr;Liberia
Q1014;fr;Libéria
Q1016;fr;l État de Libye
Q1016;fr;Libye
Q1019;fr;la République de Madagascar
Q1019;fr;Madagascar
Q1020;fr;la République du Malawi
Q1020;fr;Malawi
Q1020;fr;République du Malawi
Q1025;fr;la République islamique de Mauritanie
Q1025;fr;Mauritanie
Q1025;fr;République islamique de Mauritanie
Q1027;fr;île Maurice
Q1027;fr;la République de Maurice
Q1027;fr;Maurice
Q1027;fr;République de Maurice
Q1028;fr;le Royaume du Maroc
Q1028;fr;Maroc
Q1028;fr;Royaume du Maroc
Q1029;fr;la République du Mozambique
Q1029;fr;Moz.
Q1029;fr;Mozambique
Q1029;fr;république du Mozambique
Q1030;fr;la République de Namibie
Q1030;fr;Namibie
Q1030;fr;République de Namibie
Q1032;fr;la République du Niger
Q1032;fr;Niger
Q1032;fr;République du Niger
Q1033;fr;la République fédérale du Nigéria
Q1033;fr;Nigeria
Q1033;fr;Nigéria
Q1033;fr;République fédérale du Nigeria
Q1033;fr;République fédérale du Nigéria
Q1033;fr;République fédérale nigériane
Q1036;fr;Ouganda
Q1036;fr;République d Ouganda
Q1037;fr;la République du Rwanda
Q1037;fr;République Rwandaise
Q1037;fr;Rwanda
Q1039;fr;la République démocratique de Sao Tomé-et-Principe
Q1039;fr;Saint-Thomas-et-Île-du-Prince
Q1039;fr;Saint-Thomas-et-Prince
Q1039;fr;São Tomé e Príncipe
Q1039;fr;São Tomé et Príncipe
Q1039;fr;Sao Tomé-et-Pr.
Q1039;fr;Sao Tomé-et-Principe
Q1039;fr;Sao Tomé-et-principe
Q1041;fr;la République du Sénégal
Q1041;fr;république du Sénégal
Q1041;fr;Sén.
Q1041;fr;Sénégal
Q1042;fr;la République des Seychelles
Q1042;fr;Repiblik Sesel
Q1042;fr;République des Seychelles
Q1042;fr;Seychelles
Q1044;fr;la République de Sierra Leone
Q1044;fr;Sierra Leone
Q1045;fr;la République fédérale de Somalie
Q1045;fr;Somalie
Q1049;fr;la République du Soudan
Q1049;fr;Soudan
Q1050;fr;Eswatini
Q1050;fr;Ngwané
Q1050;fr;Royaume d Eswatini
Q1050;fr;Royaume du Swaziland
Q10717;fr;Georgetown
Q1085;fr;Prague
Q11194;fr;Sarajevo
Q114;fr;Kenya
Q114;fr;Kénya
Q114;fr;la République du Kenya
Q115;fr;Éthiopie
Q115;fr;la République démocratique fédérale d Éthiopie
Q115;fr;République fédérale démocratique d Éthiopie
Q117;fr;Ghana
Q117;fr;la République du Ghana
Q117;fr;République du Ghana
Q1218;fr;Al Quds
Q1218;fr;Hiérosolyme
Q1218;fr;Jerusalem
Q1218;fr;Jérusalem
Q1218;fr;Salem
Q1218;fr;Solyme
Q1218;fr;Yerushaláyim
Q1246;fr;Kosovo
Q1246;fr;Kossovo
Q1246;fr;la République du Kosovo
Q12919;fr;Majuro
Q131233;fr;Bairiki
Q131233;fr;Tarawa sud
Q131233;fr;Tarawa-Sud
Q1335;fr;Montevideo
Q1335;fr;San Felipe y Santiago de Montevideo
Q1354;fr;Dacca
Q1354;fr;Dhaka
Q1362;fr;Islamabad
Q142;fr;Fille aînée de l Église
Q142;fr;France
Q142;fr;L Hexagone
Q142;fr;La France
Q142;fr;la République française
Q142;fr;Pays de Molière
Q142;fr;République française
Q1435;fr;Zagreb
Q145;fr;Grande-Bretagne
Q145;fr;le Royaume-Uni de Grande-Bretagne et d Irlande du Nord
Q145;fr;R.-U.
Q145;fr;R.U.
Q145;fr;Royaume Uni
Q145;fr;Royaume-Uni
Q145;fr;Royaume-uni
Q145;fr;Royaume-Uni de Grande-Bretagne et d Irlande du Nord
Q1461;fr;Manille
Q1461;fr;Ville de Manille
Q148;fr;Chine
Q148;fr;Chine communiste
Q148;fr;Chine continentale
Q148;fr;Chine populaire
Q148;fr;la République populaire de Chine
Q148;fr;République populaire de Chine
Q1486;fr;Buenos Aires
Q1489;fr;Cité de Mexico
Q1489;fr;Cité du Mexique
Q1489;fr;Ciudad de México
Q1489;fr;Mexico
Q1489;fr;Mexico City
Q1489;fr;ville de Mexico
Q1490;fr;métropole de Tokyo
Q1490;fr;préfecture de Tokyo
Q1490;fr;préfecture métropolitaine de Tokyo
Q1490;fr;Tokyo
Q1490;fr;Tôkyô
Q1490;fr;Tokyo Metropolis
Q1490;fr;Tokyo-to
Q1490;fr;Tôkyô-to
Q1491;fr;La Paz
Q1519;fr;Abou Dabi
Q1519;fr;Aboû Dabî
Q1519;fr;Abou Dhabi
Q1519;fr;Abu Dhabi
Q1520;fr;Akmola
Q1520;fr;Akmolinsk
Q1520;fr;Astana
Q1520;fr;Noursoultan
Q1520;fr;Tselinograd
Q1524;fr;Athenes
Q1524;fr;Athènes
Q1530;fr;Bagdad
Q1533;fr;Caracas
Q155;fr;Amérique lusophone
Q155;fr;Auriverde
Q155;fr;Brasil
Q155;fr;Brazil
Q155;fr;Bré.
Q155;fr;Brés.
Q155;fr;Brésil
Q155;fr;Brésilien
Q155;fr;Brésilienne
Q155;fr;Brézil
Q155;fr;la République fédérative du Brésil
Q155;fr;République des États-Unis du Brésil
Q155;fr;République fédérative du Brésil
Q1555;fr;Guatemala-Ville
Q1563;fr;La Havane
Q158119;fr;Ramallah
Q159;fr;Fédération de Russie
Q159;fr;Rus.
Q159;fr;Russie
Q159583;fr;Chaire de Pierre
Q159583;fr;Saint siege
Q159583;fr;Saint Siège
Q159583;fr;Saint-Siege
Q159583;fr;Saint-Siège
Q159583;fr;Saint-Siège de Rome
Q159583;fr;Sancta Sedes
Q159583;fr;Santa Sede
Q159583;fr;Siège de Pierre
Q159583;fr;Siège pontifical
Q16;fr;Can.
Q16;fr;Canada
Q16;fr;le Canada
Q167551;fr;Gitega
Q17;fr;État du Japon
Q17;fr;Jap.
Q17;fr;Japon
Q17;fr;le Japon
Q17;fr;pays du soleil levant
Q1741;fr;Vienne
Q1741;fr;Wien
Q1748;fr;Copenhague
Q1748;fr;København
Q1754;fr;STHLM
Q1754;fr;Stockholm
Q1757;fr;Helsingfors
Q1757;fr;Helsinki
Q1761;fr;Baile Átha Cliath
Q1761;fr;Dublin
Q1764;fr;Reykjavik
Q1764;fr;Reykjavík
Q1770;fr;Reval
Q1770;fr;Tallinn
Q1773;fr;Riga
Q1780;fr;Bratislava
Q1780;fr;Posonie
Q1780;fr;Pozsony (hu)
Q1780;fr;Presbourg
Q1781;fr;Budapest
Q183;fr;All.
Q183;fr;Allemagne
Q183;fr;BR Deutschland
Q183;fr;Bundesrepublik Deutschland
Q183;fr;Deutschland
Q183;fr;la République fédérale d Allemagne
Q183;fr;R. F. A.
Q183;fr;République fédérale allemande
Q183;fr;République fédérale d Allemagne
Q184;fr;Belarus
Q184;fr;Bélarus
Q184;fr;Biélor.
Q184;fr;Biélorussie
Q184;fr;la République de Biélorussie
Q1842;fr;Luxembourg-Ville
Q1842;fr;Ville de Luxembourg
Q1844;fr;Vaduz
Q1850;fr;Phnom Penh
Q1858;fr;Hà N<U+1ED9>i
Q1858;fr;Hanoi
Q1858;fr;Hanoï
Q1861;fr;Bangkok
Q1861;fr;Krung Thep
Q1861;fr;Krung Thep Maha Nakhon
Q1861;fr;Krungthepmahanakhon Amonrattanakosin Mahintharayutthaya Mahadilokphop Noppharatratchathaniburirom Udomratchaniwetmahasathan Amonphimanawatansathit Sakkathattiyawitsanukamprasit
Q1863;fr;Andorre-la-Vieille
Q1863;fr;Andorre-la-vieille
Q1865;fr;Kuala Lumpur
Q1867;fr;Taibei
Q1867;fr;Taipei
Q18808;fr;P yongyang
Q18808;fr;Phyongyang
Q18808;fr;Pyeongyang
Q18808;fr;Pyongyang
Q189;fr;Isl.
Q189;fr;Islande
Q189;fr;la République d Islande
Q189;fr;République d Islande
Q1899;fr;Kiev
Q1899;fr;Kyiv
Q191;fr;Esthonie
Q191;fr;Estonie
Q191;fr;la République d Estonie
Q191;fr;République d Estonie
Q1930;fr;Bytown
Q1930;fr;Ottawa
Q1947;fr;Djouba
Q1953;fr;Erevan
Q1953;fr;Iérevan
Q1953;fr;Yerevan
Q1963;fr;Khartoum
Q19660;fr;Bucarest
Q19660;fr;Bucharest
Q19660;fr;Bucuresti
Q19660;fr;Capitale de la Roumanie
Q19660;fr;Municipalité de Bucarest
Q19689;fr;Tirana
Q19689;fr;Tiranë
Q20;fr;le Royaume de Norvège
Q20;fr;Norv.
Q20;fr;Norvège
Q20;fr;Royaume de Norvège
Q211;fr;la République de Lettonie
Q211;fr;Lettonie
Q21197;fr;Capitale de la Moldavie
Q21197;fr;Chi<U+0219>inau
Q21197;fr;Chisinau
Q21197;fr;Kichinev
Q21197;fr;Kichiniov
Q21197;fr;Kischinev
Q21197;fr;Kishinev
Q21197;fr;Kishinew
Q21197;fr;Kishinyov
Q212;fr;Ukr.
Q212;fr;Ukraine
Q213;fr;Bohémie
Q213;fr;la République tchèque
Q213;fr;Rép. tch.
Q213;fr;République tchèque
Q213;fr;Tchéquie
Q214;fr;la République slovaque
Q214;fr;République slovaque
Q214;fr;Slovaquie
Q215;fr;la République de Slovénie
Q215;fr;République de Slovénie
Q215;fr;Slovénie
Q216;fr;Vilna
Q216;fr;Vilnius
Q216;fr;Wilna
Q216;fr;Wilne
Q216;fr;Wilnja
Q216;fr;Wilnjus
Q216;fr;Wilno
Q217;fr;la République de Moldavie
Q217;fr;Moldavie
Q217;fr;Moldova
Q217;fr;République de Moldavie
Q217;fr;République de Moldova
Q218;fr;la Roumanie
Q218;fr;Roum.
Q218;fr;Roumanie
Q219;fr;Bulg.
Q219;fr;Bulgarie
Q219;fr;la République de Bulgarie
Q220;fr;La ville aux sept collines
Q220;fr;La ville éternelle
Q220;fr;Roma
Q220;fr;Rome
Q221;fr;ARYM
Q221;fr;FYROM
Q221;fr;L Ancienne République yougoslave de Macédoine
Q221;fr;L ex-République yougoslave de Macédoine
Q221;fr;la République de Macédoine du Nord
Q221;fr;Macédoine
Q221;fr;Macédoine du Nord
Q221;fr;Macédoine Du Nord
Q221;fr;République de Macédoine
Q222;fr;Albanie
Q222;fr;la République d Albanie
Q222;fr;République d Albanie
Q224;fr;Croatie
Q224;fr;la République de Croatie
Q225;fr;Bosnie et Herzégovine
Q225;fr;Bosnie-et-Herzégovine
Q225;fr;Bosnie-Herzégovine
Q225;fr;Bosnie-herzégovine
Q225;fr;la Bosnie-Herzégovine
Q227;fr;Azerbaïdjan
Q227;fr;la République d Azerbaïdjan
Q228;fr;Andorre
Q228;fr;la Principauté d Andorre
Q228;fr;Principauté d Andorre
Q2280;fr;Minsk
Q229;fr;Chypre
Q229;fr;Chypre-Sud
Q229;fr;Chypriotes
Q229;fr;République de Chypre
Q229;fr;république de Chypre
Q230;fr;Géorg.
Q230;fr;Géorgie
Q230;fr;Géorgie (Pays)
Q230;fr;république de Géorgie
Q232;fr;Kazakh.
Q232;fr;Kazakhstan
Q232;fr;Kazakstan
Q232;fr;la République du Kazakhstan
Q232;fr;Qazaqstan
Q233;fr;la République de Malte
Q233;fr;Malte
Q23427;fr;Ossétie du Sud-Alanie
Q23427;fr;Ossetie-du-Sud
Q23427;fr;Ossétie-du-Sud
Q23427;fr;République d Ossétie du Sud
Q23430;fr;Ikh khüree
Q23430;fr;Niislel khüree
Q23430;fr;Nomyn khüree
Q23430;fr;Örgöö
Q23430;fr;Oulan Bator
Q23430;fr;Oulan-Bator
Q23430;fr;Oulan-bator
Q23430;fr;Ourga
Q23430;fr;Ulaan Baatar
Q23430;fr;Ulaanbaatar
Q23430;fr;Ulan-Bator
Q23438;fr;Achgabad
Q23438;fr;Achgabat
Q23438;fr;Achkabad
Q23438;fr;Achkhabad
Q23438;fr;Asgabat
Q23438;fr;Ashgabad
Q23438;fr;Ashgabat
Q23438;fr;Ashkabad
Q23438;fr;Ashkhabad
Q23438;fr;Poltoratsk
Q235;fr;Fort-Hercule
Q235;fr;la Principauté de Monaco
Q235;fr;Monaco
Q235;fr;Monaco (rattachée au District de Menton en 1793)
Q235;fr;Principauté de Monaco
Q23564;fr;Podgorica
Q23564;fr;Pogdorica
Q23564;fr;Titograd
Q236;fr;le Monténégro
Q236;fr;Montén.
Q236;fr;Montenegro
Q236;fr;Monténégro
Q23661;fr;District de Wellington
Q23661;fr;Wellington
Q23661;fr;Wellington City
Q23661;fr;Wellington District
Q23681;fr;Chypre du Nord
Q23681;fr;Chypre Nord
Q23681;fr;Chypre-Nord
Q23681;fr;État chypriote turc
Q23681;fr;État turc de Chypre
Q23681;fr;République turque de Chypre du nord
Q237;fr;Cité du Vatican
Q237;fr;État de la Cité du Vatican
Q237;fr;Vatican
Q238;fr;la République de Saint-Marin
Q238;fr;République de Saint-Marin
Q238;fr;Saint-Marin
Q238;fr;Saint-marin
Q23800;fr;Citta  Umilissima
Q23800;fr;Citta Umilissima
Q23800;fr;Il-Belt
Q23800;fr;La Valette
Q23800;fr;La Vallette
Q23800;fr;Valletta
Q23800;fr;Ville de la Valette
Q239;fr;Bruxelles
Q239;fr;Bruxelles-Ville
Q239;fr;ville de Bruxelles
Q241;fr;Cuba
Q241;fr;la République de Cuba
Q242;fr;Belize
Q242;fr;Bélize
Q242;fr;le Bélize
Q244;fr;Barbade
Q244;fr;la Barbade
Q2449;fr;Mogadiscio
Q2467;fr;Nassau
Q2471;fr;Sanaa
Q252;fr;Indonésie
Q252;fr;la République d Indonésie
Q25270;fr;Prishtina
Q25270;fr;Prishtinë
Q25270;fr;Pristina
Q25270;fr;Priština
Q25270;fr;Quartier de Dardania
Q258;fr;Afrique du Sud
Q258;fr;République d Afrique du Sud
Q258;fr;république d Afrique du Sud
Q258;fr;République sud-africaine
Q258;fr;république sud-africaine
Q262;fr;Alg.
Q262;fr;Algerie
Q262;fr;Algérie
Q262;fr;la République algérienne démocratique populaire
Q262;fr;RADP
Q262;fr;République algérienne démocratique et populaire
Q265;fr;la République d Ouzbékistan
Q265;fr;Ouzbékistan
Q269;fr;Tachkent
Q27;fr;Éire
Q27;fr;Ireland
Q27;fr;Irl.
Q27;fr;Irlande
Q27;fr;l Irlande
Q27;fr;République d Irlande
Q270;fr;Varsovie
Q28;fr;Hongrie
Q28;fr;la Hongrie
Q2807;fr;Madrid
Q2807;fr;Madrid (Espagne)
Q2807;fr;Ville de Madrid
Q2841;fr;Bogota
Q2841;fr;Bogotá
Q2841;fr;Bogotá D.C.
Q2841;fr;Santa Fe de Bogotá
Q2844;fr;Brasilia
Q2868;fr;Lima
Q2887;fr;Santiago
Q2887;fr;Santiago du Chili
Q29;fr;Esp.
Q29;fr;Espagne
Q29;fr;État espagnol
Q29;fr;Royaume d Espagne
Q2900;fr;Quito
Q2900;fr;San Francisco de Quito
Q2933;fr;Assomption
Q2933;fr;Asuncion
Q2933;fr;Asunción
Q298;fr;Chili
Q298;fr;la République du Chili
Q29999;fr;Pays-Bas
Q29999;fr;royaume des Pays Bas
Q29999;fr;Royaume des Pays-Bas
Q30;fr;Amérique
Q30;fr;É-U.
Q30;fr;E.-U.
Q30;fr;É.-U.
Q30;fr;É.U.
Q30;fr;Etats-Unis
Q30;fr;États-Unis
Q30;fr;États-unis
Q30;fr;États-Unis d Amérique
Q30;fr;Les États
Q30;fr;les États-Unis d Amérique
Q30;fr;Oncle Sam
Q30;fr;pays de l Oncle Sam
Q30;fr;States
Q30;fr;USA
Q3001;fr;Paramaribo
Q3037;fr;Katmandou
Q3043;fr;Belmopan
Q3043;fr;Belmopán
Q3070;fr;San Jose
Q3070;fr;San José
Q3070;fr;San José (Costa Rica)
Q31;fr;Belg.
Q31;fr;Belgique
Q31;fr;Royaume de Belgique
Q31026;fr;Jarren
Q31026;fr;Makwa
Q31026;fr;Yaren
Q3110;fr;San Salvador
Q3114;fr;Canberra
Q31354462;fr;Abkhazie
Q32;fr;Grand-Duché de Luxembourg
Q32;fr;Grand-duché de Luxembourg
Q32;fr;grand-duché de Luxembourg
Q32;fr;le Grand-Duché de Luxembourg
Q32;fr;Lux.
Q32;fr;Luxembourg
Q3238;fr;Tegucigalpa
Q3274;fr;Managua
Q33;fr;Fin.
Q33;fr;Finl.
Q33;fr;Finlande
Q33;fr;la République de Finlande
Q334;fr;République de Singapour
Q334;fr;Singapour
Q34;fr;le Royaume de Suède
Q34;fr;Suède
Q34126;fr;Funafuti
Q34126;fr;Vaiaku
Q34261;fr;Port au Prince
Q34261;fr;Port-au-Prince
Q34261;fr;Port-au-prince
Q34261;fr;Port-Républicain
Q34692;fr;Kingston
Q34692;fr;Tinson
Q347;fr;la Principauté du Liechtenstein
Q347;fr;Liechtenstein
Q347;fr;principauté de Liechtenstein
Q34820;fr;Ciudad Trujillo
Q34820;fr;Saint Domingue
Q34820;fr;Saint-Domingue
Q34820;fr;Saint-domingue
Q34820;fr;San Domingo
Q34820;fr;Santo Domingo de Guzmán
Q34820;fr;Santo Dominguo
Q34820;fr;Santo-Domingo
Q34820;fr;Ville de Saint-Domingue
Q35;fr;Dan.
Q35;fr;Danemark
Q35;fr;Danemark métropolitain
Q35;fr;Danemark propre
Q35;fr;royaume du Danemark
Q35178;fr;Koweit
Q35178;fr;Koweit City
Q35178;fr;Koweït City
Q35178;fr;Kuwait City
Q35178;fr;Ville de Koweït
Q35381;fr;Colombo
Q3551;fr;Rabat
Q3561;fr;Alger
Q3572;fr;Tunis
Q3579;fr;Tripoli
Q36;fr;la République de Pologne
Q36;fr;Pol.
Q36;fr;Pologne
Q36;fr;République de Pologne
Q36;fr;République polonaise
Q3616;fr;Téhéran
Q36168;fr;Bridgetown
Q3624;fr;Addis Abäba
Q3624;fr;Addis Abeba
Q3624;fr;Addis-Abeba
Q3624;fr;Finfinne
Q36260;fr;Apia
Q36260;fr;Faleolo
Q36262;fr;Saint John s
Q36262;fr;St John s
Q36262;fr;TAPA
Q36281;fr;Roseau
Q3630;fr;Batavia
Q3630;fr;Djakarta
Q3630;fr;Jakarta
Q3640;fr;Ankara
Q3642;fr;Asmara
Q3642;fr;Asmera
Q36526;fr;Port Moresby
Q36526;fr;Port-Moresby
Q36526;fr;Pot Mosbi
Q3659;fr;N Djaména
Q3659;fr;Ndjamena
Q36678;fr;Cisjordanie
Q36678;fr;Cisjordanie occupée
Q36678;fr;Judée et Samarie
Q36678;fr;Judée-Samarie
Q3674;fr;Niamey
Q3674;fr;Ville de Niamey
Q3688;fr;Nouakchott
Q3692;fr;Riyad
Q37;fr;la République de Lituanie
Q37;fr;Lithuanie
Q37;fr;Lituanie
Q3703;fr;Bamako
Q3711;fr;Belgrade
Q3718;fr;Dakar
Q3726;fr;Banjul
Q3733;fr;Conakry
Q3739;fr;Bissao
Q3739;fr;Bissau
Q37400;fr;Nay Pyi Daw
Q37400;fr;Naypidaw
Q37400;fr;Naypyidaw
Q37400;fr;Pyinmana
Q3748;fr;Monrovia
Q3751;fr;Praia
Q3761;fr;Accra
Q3766;fr;Damas
Q3766;fr;Dimashq
Q3766;fr;Dimashq ach-Cham
Q3768;fr;Yamoussoukro
Q3777;fr;Ouagadougou
Q3780;fr;Freetown
Q37806;fr;Port Vila
Q37806;fr;Port-Vila
Q37806;fr;Port-vila
Q3787;fr;Abuja
Q3792;fr;Lomé
Q3799;fr;Porto-Novo
Q38;fr;Ita.
Q38;fr;Ital.
Q38;fr;Italia
Q38;fr;Italie
Q38;fr;la République italienne
Q38;fr;République Italienne
Q3805;fr;Amman
Q3808;fr;Yaoundé
Q3808;fr;Yaounde, Ongola
Q3818;fr;Malabo
Q3820;fr;Beyrouth
Q3825;fr;Libreville
Q3826;fr;Mascate
Q3826;fr;Masqat
Q3826;fr;Muscat
Q3832;fr;Bangui
Q3838;fr;Kinshasa
Q3838;fr;Léopoldville
Q384;fr;Skopié
Q384;fr;Skopje
Q3844;fr;Brazzaville
Q3856;fr;Nicosie
Q3859;fr;Kigali
Q3861;fr;Doha
Q3866;fr;Dodoma
Q3870;fr;Nairobi
Q3876;fr;Lilongwe
Q38807;fr;Suva
Q3881;fr;Lusaka
Q3882;fr;Manama
Q38834;fr;Nuku alofa
Q38834;fr;Nuku<U+02BB>alofa
Q38834;fr;Nukualofa
Q3889;fr;Lourenço Marques
Q3889;fr;Maputo
Q3894;fr;Kampala
Q3897;fr;Luanda
Q39;fr;Confédération helvétique
Q39;fr;Confédération suisse
Q39;fr;Helvétie
Q39;fr;la Confédération suisse
Q39;fr;Suisse
Q3901;fr;Moroni
Q3904;fr;Mbabane
Q3909;fr;Maseru
Q3915;fr;Antananarivo
Q3915;fr;Iarivo
Q3915;fr;Tananarive
Q39178;fr;Port d Espagne
Q39178;fr;Port of Spain
Q39178;fr;Port-d Espagne
Q39178;fr;Port-d espagne
Q39178;fr;Port-of-Spain
Q39178;fr;TTPP
Q3919;fr;Gaborone
Q3921;fr;Harare
Q3926;fr;Pretoria
Q3929;fr;Port-Louis
Q3929;fr;Port-louis
Q3932;fr;Saint-Thomas
Q3932;fr;Sao Tomé
Q3932;fr;São Tomé
Q3935;fr;Windhoek
Q3940;fr;Victoria
Q39760;fr;bande de Gaza
Q398;fr;Bahreïn
Q398;fr;le Royaume de Bahreïn
Q398;fr;Royaume de Bahreïn
Q399;fr;Arménie
Q399;fr;la République d Arménie
Q40;fr;Aut.
Q40;fr;Autr.
Q40;fr;Autriche
Q40;fr;la République d Autriche
Q403;fr;la République de Serbie
Q403;fr;Serbie
Q407199;fr;Cisjordanie et Gaza
Q407199;fr;Territoire palestinien occupé
Q407199;fr;Territoires palestiniens
Q407199;fr;Territoires palestiniens occupés
Q408;fr;Austr.
Q408;fr;Australie
Q408;fr;le Commonwealth d Australie
Q40811;fr;Sokhoumi
Q40811;fr;Soukhoum
Q40811;fr;Soukhoumi
Q40811;fr;Suhumi
Q40811;fr;Sukhumi
Q40811;fr;Tskhoumi
Q40921;fr;Honiara
Q41;fr;Grèce
Q41;fr;République hellénique
Q41295;fr;Basseterre
Q414;fr;Arg.
Q414;fr;Argentine
Q414;fr;la République argentine
Q414;fr;République argentine
Q41474;fr;Kingstown
Q41547;fr;Saint George s
Q41547;fr;Saint-Georges
Q41547;fr;Saint-georges
Q41547;fr;St. George s
Q41699;fr;Castries
Q419;fr;Pérou
Q419;fr;République du Pérou
Q423;fr;Corée du Nord
Q423;fr;Corée Du Nord
Q423;fr;la République populaire démocratique de Corée
Q423;fr;République populaire de Corée
Q423;fr;République populaire démocratique de Corée
Q423;fr;RPDC
Q424;fr;Cambodge
Q424;fr;le Royaume du Cambodge
Q424;fr;Royaume du Cambodge
Q42751;fr;Palikir
Q43;fr;la République de Turquie
Q43;fr;République de Turquie
Q43;fr;République turque
Q43;fr;Turq.
Q43;fr;Turquie
Q437;fr;Aemona
Q437;fr;Laibach
Q437;fr;Laybach
Q437;fr;Lioubiana
Q437;fr;Lioubliana
Q437;fr;Ljubljana
Q437;fr;Loubiana
Q45;fr;la République portugaise
Q45;fr;Portugal
Q472;fr;Sofia
Q47492;fr;Azza
Q47492;fr;Gaza
Q47492;fr;Gaza City
Q47492;fr;ville de Gaza
Q515229;fr;Ngerulmud
Q55115;fr;Monaco-Ville
Q574;fr;la République démocratique du Timor oriental
Q574;fr;République démocratique du Timor oriental
Q574;fr;République démocratique du Timor-Leste
Q574;fr;République démocratique du Timor-Oriental
Q574;fr;Timor oriental
Q574;fr;Timor Oriental
Q574;fr;Timor-Leste
Q574;fr;Timor-Oriental
Q5838;fr;Kaboul
Q585;fr;Christiania
Q585;fr;Kristiania
Q585;fr;Oslo
Q597;fr;Lisboa
Q597;fr;Lisbonne
Q61;fr;Washington
Q61;fr;Washington D.C.
Q61;fr;Washington DC
Q61;fr;Washington, D.C.
Q61;fr;Washington, district de Columbia
Q6250;fr;Sahara occidental
Q64;fr;Berlin
Q649;fr;Moscou
Q657;fr;la République du Tchad
Q657;fr;République du Tchad
Q657;fr;Tchad
Q664;fr;Aotearoa
Q664;fr;la Nouvelle-Zélande
Q664;fr;Nouvelle-Zélande
Q664;fr;Nouvelle-zélande
Q668;fr;Bharat
Q668;fr;Bharatvarsh
Q668;fr;Hindustan
Q668;fr;Inde
Q668;fr;la République de l Inde
Q668;fr;République d Inde
Q672;fr;État des Tuvalu
Q672;fr;les Tuvalu
Q672;fr;Tuvalu
Q678;fr;le Royaume des Tonga
Q678;fr;Tonga
Q683;fr;l État indépendant des Samoa
Q683;fr;Samoa
Q683;fr;Samoa occidentales
Q685;fr;Îles Salomon
Q685;fr;îles Salomon
Q685;fr;les Îles Salomon
Q685;fr;Salomon
Q686;fr;la République du Vanuatu
Q686;fr;République de Vanuatu
Q686;fr;Vanuatu
Q691;fr;État indépendant de Papouasie-Nouvelle-Guinée
Q691;fr;l État indépendant de Papouasie- Nouvelle-Guinée
Q691;fr;Papouasie-nouvelle- Guinée
Q691;fr;Papouasie-Nouvelle-Guinée
Q695;fr;Belau
Q695;fr;la République des Palaos
Q695;fr;Palaos
Q695;fr;Palau
Q697;fr;la République de Nauru
Q697;fr;Nauru
Q70;fr;Bern
Q70;fr;Berne
Q702;fr;États fédérés de Micronésie
Q702;fr;les États fédérés de Micronésie
Q702;fr;Micronésie
Q709;fr;Îles Marshall
Q709;fr;la République des Îles Marshall
Q709;fr;Marshall
Q709;fr;république des Îles Marshall
Q710;fr;Îles Gilbert
Q710;fr;Kiribati
Q710;fr;la république des Kiribati
Q710;fr;république des Kiribati
Q711;fr;Mongol uls
Q711;fr;Mongolie
Q711;fr;Mongolie-extérieure
Q712;fr;Fidji
Q712;fr;Fiji
Q712;fr;îles Fidji
Q712;fr;îles Fiji
Q712;fr;la République des Fidji
Q712;fr;République des Fidji
Q712;fr;République des îles Fidji
Q717;fr;la République bolivarienne du Vénézuéla
Q717;fr;République bolivarienne du Venezuela
Q717;fr;Venezuela
Q717;fr;Vénézuela
Q717;fr;Vénézuéla
Q727;fr;Amsterdam
Q730;fr;République du Surinam
Q730;fr;République du Suriname
Q730;fr;Surinam
Q730;fr;Suriname
Q733;fr;Cœur de l Amérique du Sud
Q733;fr;la République du Paraguay
Q733;fr;Paraguay
Q733;fr;République du Paraguay
Q734;fr;Guyana
Q734;fr;la République coopérative du Guyana
Q736;fr;Équateur
Q736;fr;L Équateur
Q736;fr;la République d Équateur
Q736;fr;République d Équateur
Q736;fr;République de l Équateur
Q739;fr;Col.
Q739;fr;Colombie
Q739;fr;la République de Colombie
Q739;fr;République de Colombie
Q750;fr;Bolivie
Q750;fr;l État plurinational de Bolivie
Q754;fr;la République de Trinité-et-Tobago
Q754;fr;République de Trinité-et-Tobago
Q754;fr;Trinidad and Tobago
Q754;fr;Trinité et Tobago
Q754;fr;Trinité-et-Tobago
Q754;fr;Trinité-et-tobago
Q757;fr;Saint-Vincent-et-les-Grenadines
Q760;fr;Sainte-Lucie
Q763;fr;Fédération de Saint-Christophe-et-Niévès
Q763;fr;la fédération de Saint-Christophe-et-Niévès
Q763;fr;Saint-Christophe-et-Nevis
Q763;fr;Saint-Christophe-et-Niévès
Q763;fr;Saint-Christopher-et-Nevis
Q763;fr;Saint-Kitts-et-Nevis
Q766;fr;Jamaique
Q766;fr;Jamaïque
Q766;fr;la Jamaïque
Q769;fr;Grenade
Q769;fr;la Grenade
Q77;fr;la République orientale de l Uruguay
Q77;fr;Uruguay
Q774;fr;Guatemala
Q774;fr;Guatémala
Q774;fr;République du Guatémala
Q778;fr;Bahamas
Q778;fr;le Commonwealth des Bahamas
Q778;fr;Les Bahamas
Q781;fr;Antigua-et-Barbuda
Q781;fr;Antigua-et-barbuda
Q781;fr;Antigue-et-Barbude
Q783;fr;Honduras
Q783;fr;la République du Honduras
Q784;fr;Dominica
Q784;fr;Dominique
Q784;fr;le Commonwealth de Dominique
Q786;fr;la République dominicaine
Q786;fr;République dominicaine
Q79;fr;Egypte
Q79;fr;Égypte
Q79;fr;la République arabe d Égypte
Q790;fr;Haïti
Q790;fr;la République d Haïti
Q790;fr;République d Haïti
Q792;fr;El Salvador
Q792;fr;la République du Salvador
Q792;fr;Salvador
Q794;fr;Iran
Q794;fr;la République islamique d Iran
Q794;fr;Perse
Q794;fr;République islamique d Iran
Q796;fr;Al-Iraq
Q796;fr;Irak
Q796;fr;Iraq
Q796;fr;République d Irak
Q79863;fr;Chreba
Q79863;fr;Staliniri
Q79863;fr;Tshinvali
Q79863;fr;Tskhinval
Q79863;fr;Tskhinvali
Q800;fr;Costa Rica
Q800;fr;Costa-Rica
Q800;fr;la République du Costa Rica
Q801;fr;État d Israël
Q801;fr;Isr.
Q801;fr;Israel
Q801;fr;Israël
Q801;fr;l État d Israël
Q804;fr;la République du Panama
Q804;fr;Panama
Q804;fr;République de Panama
Q805;fr;la République du Yémen
Q805;fr;Yémen
Q810;fr;Jord.
Q810;fr;Jordanie
Q810;fr;le Royaume hachémite de Jordanie
Q811;fr;la République du Nicaragua
Q811;fr;Nicaragua
Q811;fr;République du Nicaragua
Q811;fr;République nicaraguayenne
Q813;fr;Kirghizie
Q813;fr;Kirghizistan
Q813;fr;Kirghizstan
Q813;fr;la République kirghize
Q817;fr;Koweït
Q817;fr;Koweit (état)
Q817;fr;Kuwait
Q817;fr;l État du Koweït
Q819;fr;la République démocratique populaire lao
Q819;fr;Laos
Q819;fr;République populaire démocratique du Laos
Q822;fr;Liban
Q826;fr;îles Maldives
Q826;fr;la République des Maldives
Q826;fr;Maldives
Q833;fr;Fédération de Malaisie
Q833;fr;Fédération malaise
Q833;fr;Malaisie
Q836;fr;Birmanie
Q836;fr;La République de l Union de Birmanie
Q836;fr;Myanmar
Q836;fr;République de l Union du Myanmar
Q837;fr;la République démocratique fédérale du Népal
Q837;fr;Népal
Q837;fr;République démocratique fédérale du Népal
Q84;fr;London
Q84;fr;Londres
Q842;fr;le Sultanat d Oman
Q842;fr;Oman
Q842;fr;Sultanat d Oman
Q843;fr;la République islamique du Pakistan
Q843;fr;Pakistan
Q843;fr;République islamique du Pakistan
Q846;fr;Katar
Q846;fr;l État du Qatar
Q846;fr;Qatar
Q85;fr;Caire
Q85;fr;Cairo
Q85;fr;Le Caire
Q85;fr;Le Kaire
Q851;fr;Arabie saoudite
Q851;fr;Arabie Saoudite
Q851;fr;Arabie séoudite
Q851;fr;Arabie Séoudite
Q851;fr;le Royaume d Arabie saoudite
Q851;fr;Royaume d Arabie saoudite
Q854;fr;Ceylan
Q854;fr;île de Ceylan
Q854;fr;la République socialiste démocratique de Sri Lanka
Q854;fr;Serendib
Q854;fr;Sri Lanka
Q854;fr;Taprobane
Q858;fr;République arabe syrienne
Q858;fr;Syrie
Q863;fr;la République du Tadjikistan
Q863;fr;Tadjikistan
Q865;fr;Chine nationaliste
Q865;fr;république de Chine
Q865;fr;république nationaliste de Chine
Q865;fr;Taiwan
Q865;fr;Taïwan
Q8684;fr;Seoul
Q8684;fr;Séoul
Q8684;fr;Soul
Q8684;fr;Ville spéciale de Séoul
Q869;fr;Royaume de Thailande
Q869;fr;Royaume de Thaïlande
Q869;fr;Siam
Q869;fr;Thaïl
Q869;fr;Thaïl.
Q869;fr;Thailande
Q869;fr;Thaïlande
Q874;fr;Turkménie
Q874;fr;Turkménistan
Q878;fr;É.A.U.
Q878;fr;Émir. ar. unis
Q878;fr;Émirats
Q878;fr;Émirats arabes unis
Q878;fr;Émirats Arabes Unis
Q878;fr;les Émirats arabes unis
Q881;fr;la République socialiste du Vietnam
Q881;fr;Vi<U+1EC7>t Nam
Q881;fr;Viet Nam
Q881;fr;Viêt Nam
Q881;fr;Viet-Nam
Q881;fr;Viêt-Nam
Q881;fr;Vietnam
Q881;fr;Viêtnam
Q884;fr;Cor. du Sud
Q884;fr;Corée du Sud
Q884;fr;Corée Du Sud
Q884;fr;la République de Corée
Q884;fr;République de Corée
Q889;fr;Afghanistan
Q889;fr;pays des Cavaliers
Q90;fr;Lutèce
Q90;fr;Paname
Q90;fr;Paris
Q90;fr;Ville de l Amour
Q90;fr;Ville-Lumière
Q902;fr;Bangladesh
Q902;fr;la République populaire du Bangladesh
Q912;fr;la République du Mali
Q912;fr;Mali
Q912;fr;République du Mali
Q916;fr;Angola
Q916;fr;République d Angola
Q917;fr;Bhoutan
Q917;fr;le Royaume du Bhoutan
Q921;fr;Brunei
Q921;fr;Brunéi
Q921;fr;Brunei Darussalam
Q921;fr;Brunéi Darussalam
Q921;fr;le Brunei Darussalam
Q924;fr;la République unie de Tanzanie
Q924;fr;République unie de Tanzanie
Q924;fr;République-unie de Tanzanie
Q924;fr;Tanzanie
Q9248;fr;Bakou
Q9270;fr;Thimphou
Q9279;fr;Bandar Seri Begawan
Q928;fr;Îles Philippines
Q928;fr;la République des Philippines
Q928;fr;Phil.
Q928;fr;Philippines
Q928;fr;République des Philippines
Q929;fr;Centrafrique
Q929;fr;la République centrafricaine
Q929;fr;République centrafricaine
Q9310;fr;Dili
Q9326;fr;Vientiane
Q9347;fr;Malé
Q9361;fr;Bichkek
Q9365;fr;Douchanbé
Q9365;fr;Stalinabad
Q945;fr;la République togolaise
Q945;fr;République togolaise
Q945;fr;Togo
Q948;fr;République tunisienne
Q948;fr;Tun.
Q948;fr;Tunisie
Q953;fr;la République de Zambie
Q953;fr;Zambie
Q954;fr;la République du Zimbabwe
Q954;fr;Zimbabwe
Q956;fr;Beijing
Q956;fr;Pékin
Q958;fr;la République du Soudan du Sud
Q958;fr;République du Soudan du Sud
Q958;fr;Soudan du Sud
Q958;fr;Soudan Du Sud
Q958;fr;Sud-Soudan
Q96;fr;États-Unis du Mexique
Q96;fr;États-Unis mexicains
Q96;fr;Mex.
Q96;fr;Mexique
Q962;fr;Bénin
Q962;fr;La République du Bénin
Q962;fr;la République du Bénin
Q963;fr;Botswana
Q963;fr;la République du Botswana
Q965;fr;Burk. F.
Q965;fr;Burk. Faso
Q965;fr;Burkina
Q965;fr;Burkina Faso
Q965;fr;le Burkina Faso
Q967;fr;Burundi
Q967;fr;la République du Burundi
Q967;fr;République du Burundi
Q970;fr;Comores
Q970;fr;l Union des Comores
Q970;fr;Union des Comores
Q971;fr;Congo
Q971;fr;Congo-Brazzaville
Q971;fr;République du Congo
Q974;fr;Congo-Kinshasa
Q974;fr;la République démocratique du Congo
Q974;fr;RD Congo
Q974;fr;République démocratique du Congo
Q977;fr;Djibouti
Q977;fr;la République de Djibouti
Q983;fr;Guinée équatoriale
Q983;fr;Guinée Équatoriale
Q983;fr;Guinée-Équatoriale
Q983;fr;la République de Guinée équatoriale
Q986;fr;Erythrée
Q986;fr;Érythrée
Q986;fr;État d Érythrée
Q987;fr;New Delhi
Q987;fr;Nouvelle Delhi
Q987;fr;Nouvelle-Delhi
Q994;fr;Tbilissi
Q994;fr;Tiflis
